FECHA Y HORA|NOMBRE ARCHIVO|TAMAÃ‘O
16/3/2021 15:59:41|archivo.csv|443 B
16/3/2021 15:59:59|archivo.csv|443 B
16/3/2021 16:00:04|archivo.csv|443 B
16/3/2021 16:01:26|archivo.csv|443 B
16/3/2021 16:01:35|archivo.csv|443 B
16/3/2021 16:01:54|archivo.csv|443 B
16/3/2021 16:02:12|archivo.csv|443 B
16/3/2021 16:04:08|archivo.csv|443 B
16/3/2021 16:09:17|archivo.csv|443 B
16/3/2021 16:14:08|archivo.csv|443 B
16/3/2021 16:20:21|archivo.csv|593 B
16/3/2021 16:22:56|archivo.csv|593 B
16/3/2021 17:17:58|archivo.csv|593 B
16/3/2021 17:18:16|archivo.csv|593 B
16/3/2021 17:19:34|archivo.csv|642 B
16/3/2021 17:20:13|archivo.csv|642 B
16/3/2021 17:20:24|archivo.csv|642 B
16/3/2021 17:20:45|archivo.csv|642 B
16/3/2021 17:20:50|archivo.csv|642 B
16/3/2021 17:20:56|archivo.csv|642 B
16/3/2021 17:20:59|archivo.csv|642 B
16/3/2021 17:21:02|archivo.csv|642 B
16/3/2021 17:21:05|archivo.csv|642 B
16/3/2021 17:21:07|archivo.csv|642 B
16/3/2021 17:21:11|archivo.csv|642 B
16/3/2021 17:41:54|archivo.csv|642 B
16/3/2021 17:42:02|archivo.csv|642 B
16/3/2021 17:42:17|archivo.csv|642 B
16/3/2021 17:42:21|archivo.csv|642 B
16/3/2021 17:42:58|archivo.csv|642 B
16/3/2021 17:43:02|archivo.csv|642 B
16/3/2021 17:43:08|archivo.csv|642 B
16/3/2021 17:43:47|archivo.csv|642 B
16/3/2021 17:44:00|archivo.csv|642 B
29/3/2021 12:59:31|archivo.csv|295 B
30/3/2021 13:56:37|archivo.csv|295 B
29/04/2021 10:18:15|archivo.csv|295 B
29/04/2021 10:25:19|archivo.csv|6,48 KB
29/04/2021 10:28:25|archivo.csv|6,48 KB
29/04/2021 10:31:41|archivo.csv|6,48 KB
29/04/2021 10:33:21|archivo.csv|6,48 KB
29/04/2021 10:35:18|archivo.csv|6,48 KB
29/04/2021 10:35:54|archivo.csv|6,48 KB
29/04/2021 10:37:02|archivo.csv|6,48 KB
29/04/2021 10:37:24|archivo.csv|6,48 KB
29/04/2021 10:39:20|archivo.csv|6,48 KB
29/04/2021 10:46:51|archivo.csv|6,48 KB
29/04/2021 10:47:44|archivo.csv|6,48 KB
29/04/2021 10:48:54|archivo.csv|6,48 KB
29/04/2021 10:55:37|archivo.csv|6,48 KB
29/04/2021 11:03:42|archivo.csv|2,18 KB
29/04/2021 11:04:18|archivo.csv|2,18 KB
29/04/2021 11:06:57|archivo.csv|6,48 KB
29/04/2021 11:07:36|archivo.csv|6,48 KB
29/04/2021 11:08:01|archivo.csv|6,48 KB
29/04/2021 11:33:21|archivo.csv|6,48 KB
29/04/2021 11:35:31|archivo.csv|6,48 KB
29/04/2021 11:41:27|archivo.csv|6,48 KB
29/04/2021 11:42:55|archivo.csv|6,48 KB
29/04/2021 11:44:17|archivo.csv|6,48 KB
29/04/2021 11:44:52|archivo.csv|6,48 KB
29/04/2021 11:53:35|archivo.csv|6,48 KB
29/04/2021 11:55:28|archivo.csv|6,48 KB
29/04/2021 11:56:58|archivo.csv|6,48 KB
29/04/2021 14:27:12|archivo.csv|6,48 KB
30/04/2021 13:45:35|archivo.csv|6,48 KB
30/04/2021 14:50:58|archivo.csv|6,48 KB
30/04/2021 14:54:51|archivo.csv|6,48 KB
30/04/2021 14:57:43|archivo.csv|6,48 KB
30/04/2021 15:00:53|archivo.csv|6,48 KB
30/04/2021 15:49:03|archivo.csv|6,48 KB
30/04/2021 15:59:25|archivo.csv|6,48 KB
30/04/2021 16:37:14|archivo.csv|6,48 KB
30/04/2021 16:38:55|archivo.csv|6,48 KB
30/04/2021 16:50:28|archivo.csv|6,48 KB
03/05/2021 9:13:28|archivo.csv|6,48 KB
03/05/2021 10:42:31|archivo.csv|6,48 KB
03/05/2021 12:22:48|archivo.csv|6,48 KB
04/05/2021 15:40:37|archivo.csv|6,48 KB
06/05/2021 16:27:53|archivo.csv|6,48 KB
06/05/2021 16:29:10|archivo.csv|6,48 KB
06/05/2021 16:31:17|archivo.csv|6,48 KB
07/05/2021 13:56:34|archivo.csv|6,48 KB
07/05/2021 14:06:23|archivo.csv|6,48 KB
07/05/2021 14:16:03|archivo.csv|6,48 KB
07/05/2021 14:19:14|archivo.csv|6,48 KB
07/05/2021 14:21:18|archivo.csv|6,48 KB
10/05/2021 11:09:25|archivo.csv|347 B
10/05/2021 11:09:59|archivo.csv|347 B
10/05/2021 11:12:45|archivo.csv|347 B
10/05/2021 11:13:06|archivo.csv|347 B
10/05/2021 11:13:27|archivo.csv|347 B
10/05/2021 11:20:45|archivo.csv|347 B
10/05/2021 11:21:26|archivo.csv|347 B
10/05/2021 11:21:51|archivo.csv|347 B
10/05/2021 11:23:28|archivo.csv|347 B
10/05/2021 11:23:55|archivo.csv|347 B
10/05/2021 11:28:04|archivo.csv|347 B
10/05/2021 11:32:28|archivo.csv|347 B
10/05/2021 11:35:22|archivo.csv|347 B
10/05/2021 11:44:12|archivo.csv|347 B
10/05/2021 11:44:33|archivo.csv|347 B
10/05/2021 11:46:17|archivo.csv|347 B
10/05/2021 11:48:05|archivo.csv|347 B
10/05/2021 11:55:08|archivo.csv|347 B
10/05/2021 11:57:56|archivo.csv|347 B
10/05/2021 11:58:30|archivo.csv|347 B
10/05/2021 12:01:06|archivo.csv|347 B
10/05/2021 12:01:52|archivo.csv|347 B
10/05/2021 12:13:48|archivo.csv|347 B
10/05/2021 12:14:10|archivo.csv|347 B
10/05/2021 12:14:51|archivo.csv|347 B
10/05/2021 12:15:01|archivo.csv|347 B
10/05/2021 12:19:19|archivo.csv|347 B
10/05/2021 12:25:11|archivo.csv|347 B
10/05/2021 12:29:19|archivo.csv|6,48 KB
10/05/2021 12:32:22|archivo.csv|6,48 KB
10/05/2021 12:34:24|archivo.csv|6,48 KB
10/05/2021 12:35:46|archivo.csv|6,48 KB
11/05/2021 15:50:00|archivo.csv|66 B
12/05/2021 10:40:47|archivo.csv|297 B
12/05/2021 10:52:07|archivo.csv|297 B
12/05/2021 10:56:24|archivo.csv|297 B
12/05/2021 10:57:01|archivo.csv|297 B
12/05/2021 11:05:38|archivo.csv|297 B
12/05/2021 11:21:53|archivo.csv|297 B
12/05/2021 11:22:50|archivo.csv|297 B
12/05/2021 11:23:41|archivo.csv|297 B
12/05/2021 11:24:04|archivo.csv|297 B
12/05/2021 11:25:27|archivo.csv|297 B
12/05/2021 11:25:58|archivo.csv|297 B
12/05/2021 11:30:43|archivo.csv|297 B
12/05/2021 11:31:07|archivo.csv|297 B
13/05/2021 11:05:32|archivo.csv|6,48 KB
13/05/2021 11:06:44|archivo.csv|6,48 KB
13/05/2021 11:09:22|archivo.csv|6,48 KB
13/05/2021 11:10:46|archivo.csv|6,48 KB
13/05/2021 13:02:09|archivo.csv|6,48 KB
13/05/2021 13:04:04|archivo.csv|6,48 KB
13/05/2021 13:05:42|archivo.csv|6,48 KB
13/05/2021 13:07:08|archivo.csv|6,48 KB
20/5/2021 10:00:28|archivo.csv|6,48 KB
20/5/2021 10:20:47|archivo.csv|6,48 KB
20/5/2021 10:24:48|archivo.csv|6,48 KB
20/5/2021 10:25:10|archivo.csv|6,48 KB
20/5/2021 10:37:06|archivo.csv|6,48 KB
20/5/2021 10:38:01|archivo.csv|6,48 KB
20/5/2021 10:39:36|archivo.csv|6,48 KB
20/5/2021 10:42:50|archivo.csv|6,48 KB
20/5/2021 10:45:30|archivo.csv|6,48 KB
20/5/2021 10:49:02|archivo.csv|6,48 KB
20/5/2021 10:50:05|archivo.csv|6,48 KB
20/5/2021 11:09:55|archivo.csv|6,48 KB
20/5/2021 11:10:13|archivo.csv|6,48 KB
20/5/2021 11:11:37|archivo.csv|6,48 KB
20/5/2021 11:13:41|archivo.csv|6,48 KB
20/5/2021 11:15:42|archivo.csv|6,48 KB
20/5/2021 11:17:07|archivo.csv|6,48 KB
20/5/2021 11:19:42|archivo.csv|6,48 KB
20/5/2021 11:23:30|archivo.csv|6,48 KB
20/5/2021 11:53:01|archivo.csv|6,48 KB
20/5/2021 11:54:39|archivo.csv|6,48 KB
20/5/2021 11:55:12|archivo.csv|6,48 KB
20/5/2021 11:56:45|archivo.csv|6,48 KB
20/5/2021 11:59:57|archivo.csv|6,48 KB
20/5/2021 12:01:18|archivo.csv|6,48 KB
20/5/2021 12:02:12|archivo.csv|6,48 KB
20/5/2021 12:03:12|archivo.csv|6,48 KB
20/5/2021 12:07:18|archivo.csv|6,48 KB
20/5/2021 17:42:32|archivo.csv|6,48 KB
21/5/2021 11:54:31|archivo.csv|6,48 KB
21/5/2021 11:55:50|archivo.csv|6,48 KB
21/5/2021 11:57:23|archivo.csv|6,48 KB
21/5/2021 12:17:00|archivo.csv|6,48 KB
21/5/2021 12:22:08|archivo.csv|6,48 KB
21/5/2021 12:23:33|archivo.csv|6,48 KB
21/5/2021 12:26:17|archivo.csv|6,48 KB
21/5/2021 12:27:03|archivo.csv|6,48 KB
21/5/2021 12:28:54|archivo.csv|6,48 KB
21/5/2021 12:34:22|archivo.csv|6,48 KB
21/5/2021 12:36:34|archivo.csv|6,48 KB
21/5/2021 13:59:31|archivo.csv|6,48 KB
21/5/2021 14:02:46|archivo.csv|6,48 KB
21/5/2021 14:03:11|archivo.csv|6,48 KB
21/5/2021 14:03:37|archivo.csv|6,48 KB
21/5/2021 14:04:36|archivo.csv|6,48 KB
21/5/2021 14:05:19|archivo.csv|6,48 KB
21/5/2021 14:07:38|archivo.csv|6,48 KB
21/5/2021 14:10:48|archivo.csv|6,48 KB
21/5/2021 14:11:38|archivo.csv|6,48 KB
21/5/2021 14:12:51|archivo.csv|6,48 KB
21/5/2021 14:14:00|archivo.csv|6,48 KB
21/5/2021 14:14:40|archivo.csv|6,48 KB
21/5/2021 14:15:17|archivo.csv|6,48 KB
21/5/2021 14:16:41|archivo.csv|6,48 KB
21/5/2021 14:17:28|archivo.csv|6,48 KB
21/5/2021 14:18:16|archivo.csv|6,48 KB
21/5/2021 14:18:31|archivo.csv|6,48 KB
21/5/2021 14:19:34|archivo.csv|6,48 KB
21/5/2021 14:22:21|archivo.csv|6,48 KB
21/5/2021 14:26:02|archivo.csv|6,48 KB
21/5/2021 14:26:35|archivo.csv|6,48 KB
21/5/2021 14:29:19|archivo.csv|6,48 KB
21/5/2021 14:29:51|archivo.csv|6,48 KB
21/5/2021 14:31:13|archivo.csv|6,48 KB
21/5/2021 14:32:41|archivo.csv|6,48 KB
21/5/2021 17:32:18|archivo.csv|6,48 KB
21/5/2021 17:42:39|archivo.csv|6,48 KB
21/5/2021 17:48:40|archivo.csv|6,48 KB
26/05/2021 10:33:17|archivo.csv|6,48 KB
26/05/2021 10:36:43|archivo.csv|6,48 KB
26/05/2021 10:54:48|archivo.csv|6,48 KB
27/05/2021 16:50:48|archivo.csv|6,48 KB
27/05/2021 16:53:16|archivo.csv|6,48 KB
27/05/2021 16:55:46|archivo.csv|6,48 KB
27/05/2021 17:15:05|archivo.csv|6,48 KB
27/05/2021 17:23:33|archivo.csv|6,48 KB
27/05/2021 17:27:54|archivo.csv|6,48 KB
27/05/2021 17:46:12|archivo.csv|6,48 KB
27/05/2021 17:46:38|archivo.csv|6,48 KB
27/05/2021 17:48:54|archivo.csv|6,48 KB
27/05/2021 17:51:55|archivo.csv|6,48 KB
28/05/2021 12:00:19|archivo.csv|6,48 KB
28/05/2021 12:01:20|archivo.csv|6,48 KB
28/05/2021 12:07:27|archivo.csv|6,48 KB
28/05/2021 12:08:46|archivo.csv|6,48 KB
01/06/2021 13:38:52|archivo.csv|6,48 KB
01/06/2021 13:44:53|archivo.csv|6,48 KB
01/06/2021 13:45:31|archivo.csv|6,48 KB
02/06/2021 9:35:33|archivo.csv|6,48 KB
02/06/2021 9:35:53|archivo.csv|6,48 KB
02/06/2021 9:37:02|archivo.csv|6,48 KB
02/06/2021 9:38:53|archivo.csv|6,48 KB
02/06/2021 9:59:33|archivo.csv|6,48 KB
02/06/2021 10:20:15|archivo.csv|6,48 KB
15/06/2021 9:37:01|archivo.csv|6,48 KB
18/06/2021 10:56:12|archivo.csv|229 B
18/06/2021 10:57:57|archivo.csv|229 B
18/06/2021 10:58:59|archivo.csv|229 B
18/06/2021 10:59:23|archivo.csv|229 B
18/06/2021 11:00:03|archivo.csv|229 B
18/06/2021 11:00:43|archivo.csv|229 B
18/06/2021 11:02:34|archivo.csv|229 B
18/06/2021 11:04:44|archivo.csv|229 B
18/06/2021 11:12:06|archivo.csv|229 B
18/06/2021 11:12:17|archivo.csv|229 B
18/06/2021 12:32:18|archivo.csv|229 B
18/06/2021 12:33:58|archivo.csv|229 B
18/06/2021 12:40:48|archivo.csv|229 B
18/06/2021 13:02:39|archivo.csv|5,97 KB
18/06/2021 13:03:50|archivo.csv|5,97 KB
18/06/2021 13:04:20|archivo.csv|5,97 KB
18/06/2021 13:04:50|archivo.csv|5,97 KB
18/06/2021 13:11:05|archivo.csv|158 B
18/06/2021 13:12:18|archivo.csv|158 B
